{"cameraMode":{"drawMode":0,"name":"Shaded","section":"Shading Mode"},"sceneLighting":true,"audioPlay":false,"sceneViewState":{"showFog":true,"showMaterialUpdate":true,"showSkybox":true,"showFlares":true,"showImageEffects":true,"showParticleSystems":true},"in2DMode":false,"pivot":{"x":456.5523681640625,"y":242.33782958984376,"z":502.1616516113281},"rotation":{"x":-0.021305715665221216,"y":0.01559293083846569,"z":-0.000332216004608199,"w":-0.9996513724327087},"size":622.0787963867188,"orthographic":false}